List1Person0,password0
List1Person1,password1
List1Person2,password2
List1Person3,password3
List1Person4,password4
List1Person5,password5
List1Person6,password6
List1Person7,password7
List1Person8,password8
List1Person9,password9
List1Person10,password10
List1Person11,password11
List1Person12,password12
List1Person13,password13
List1Person14,password14
List1Person15,password15
List1Person16,password16
List1Person17,password17
List1Person18,password18
List1Person19,password19
List1Person20,password20
List1Person21,password21
List1Person22,password22
List1Person23,password23
List1Person24,password24
List1Person25,password25
List1Person26,password26
List1Person27,password27
List1Person28,password28
List1Person29,password29
List1Person30,password30
List1Person31,password31
List1Person32,password32
List1Person33,password33
List1Person34,password34
List1Person35,password35
List1Person36,password36
List1Person37,password37
List1Person38,password38
List1Person39,password39
List1Person40,password40
List1Person41,password41
List1Person42,password42
List1Person43,password43
List1Person44,password44
List1Person45,password45
List1Person46,password46
List1Person47,password47
List1Person48,password48
List1Person49,password49
List1Person50,password50
List1Person51,password51
List1Person52,password52
List1Person53,password53
List1Person54,password54
List1Person55,password55
List1Person56,password56
List1Person57,password57
List1Person58,password58
List1Person59,password59
List1Person60,password60
List1Person61,password61
List1Person62,password62
List1Person63,password63
List1Person64,password64
List1Person65,password65
List1Person66,password66
List1Person67,password67
List1Person68,password68
List1Person69,password69
List1Person70,password70
List1Person71,password71
List1Person72,password72
List1Person73,password73
List1Person74,password74
List1Person75,password75
List1Person76,password76
List1Person77,password77
List1Person78,password78
List1Person79,password79
List1Person80,password80
List1Person81,password81
List1Person82,password82
List1Person83,password83
List1Person84,password84
List1Person85,password85
List1Person86,password86
List1Person87,password87
List1Person88,password88
List1Person89,password89
List1Person90,password90
List1Person91,password91
List1Person92,password92
List1Person93,password93
List1Person94,password94
List1Person95,password95
List1Person96,password96
List1Person97,password97
List1Person98,password98
List1Person99,password99
