Recording_test_20_Person0,mailme0@gmail.com,password0,password0,1,M,1234568250,Address0
Recording_test_20_Person1,mailme1@gmail.com,password1,password1,2,M,1234568251,Address1
Recording_test_20_Person2,mailme2@gmail.com,password2,password2,3,M,1234568252,Address2
Recording_test_20_Person3,mailme3@gmail.com,password3,password3,4,M,1234568253,Address3
Recording_test_20_Person4,mailme4@gmail.com,password4,password4,5,M,1234568254,Address4
Recording_test_20_Person5,mailme5@gmail.com,password5,password5,6,M,1234568255,Address5
Recording_test_20_Person6,mailme6@gmail.com,password6,password6,7,M,1234568256,Address6
Recording_test_20_Person7,mailme7@gmail.com,password7,password7,8,M,1234568257,Address7
Recording_test_20_Person8,mailme8@gmail.com,password8,password8,9,M,1234568258,Address8
Recording_test_20_Person9,mailme9@gmail.com,password9,password9,10,M,1234568259,Address9
Recording_test_20_Person10,mailme10@gmail.com,password10,password10,1,M,12345682510,Address10
Recording_test_20_Person11,mailme11@gmail.com,password11,password11,2,M,12345682511,Address11
Recording_test_20_Person12,mailme12@gmail.com,password12,password12,3,M,12345682512,Address12
Recording_test_20_Person13,mailme13@gmail.com,password13,password13,4,M,12345682513,Address13
Recording_test_20_Person14,mailme14@gmail.com,password14,password14,5,M,12345682514,Address14
Recording_test_20_Person15,mailme15@gmail.com,password15,password15,6,M,12345682515,Address15
Recording_test_20_Person16,mailme16@gmail.com,password16,password16,7,M,12345682516,Address16
Recording_test_20_Person17,mailme17@gmail.com,password17,password17,8,M,12345682517,Address17
Recording_test_20_Person18,mailme18@gmail.com,password18,password18,9,M,12345682518,Address18
Recording_test_20_Person19,mailme19@gmail.com,password19,password19,10,M,12345682519,Address19
