List1Person0,mailme0@gmail.com,password0,password0,1,M,1234568250,Address0
List1Person1,mailme1@gmail.com,password1,password1,2,M,1234568251,Address1
List1Person2,mailme2@gmail.com,password2,password2,3,M,1234568252,Address2
List1Person3,mailme3@gmail.com,password3,password3,4,M,1234568253,Address3
List1Person4,mailme4@gmail.com,password4,password4,5,M,1234568254,Address4
List1Person5,mailme5@gmail.com,password5,password5,6,M,1234568255,Address5
List1Person6,mailme6@gmail.com,password6,password6,7,M,1234568256,Address6
List1Person7,mailme7@gmail.com,password7,password7,8,M,1234568257,Address7
List1Person8,mailme8@gmail.com,password8,password8,9,M,1234568258,Address8
List1Person9,mailme9@gmail.com,password9,password9,10,M,1234568259,Address9
